{"license":"BSD 3-Clause License","file_hash":null,"name":"Monocle","version":"2022.9.2","description":"Monocle is a View Extension for Dynamo 2.0.x. Monocle contains a set of useful tools for package identification, graph cleanup and more! Monocle is authored by John Pierson (@60secondrevit) of Parallax Team (http://www.parallaxteam.com/) and designtechunraveled.com.  (Note: Dynamo may need to be closed and reopened to see the extension)","group":"","keywords":["packages","align","color","groups","usage","doge","standardviews","search","simple","resizer"],"dependencies":[],"host_dependencies":[],"contents":"","engine_version":"2.13.1.5510","engine":"dynamo","engine_metadata":"","site_url":"designtechunraveled.com","repository_url":"https://github.com/johnpierson/MonocleForDynamo","contains_binaries":true,"node_libraries":[],"copyright_holder":"j0hnp","copyright_year":"2022"}